control,case
55,90
30,91
61,78
38,64
41,96
35,83
77,77
42,87
17,80
49,70
62,77
64,86
21,62
73,80
68,85
57,55
56,84
87,77
56,82
93,75
70,77
43,91
36,77
50,87
50,85
57,54
87,81
38,51
86,88
56,56
85,70
85,51
40,84
85,77
77,53
69,90
52,72
58,71
67,95
50,81
71,57
78,84
71,79
69,70
80,70
44,70
75,92
79,81
82,93
75,96
95,94
78,81
86,90
93,79
91,89
51,82
55,89
58,85
79,88
80,89
73,97
89,83
63,87
89,83
77,99
62,88
68,77
87,71
73,72
78,68
64,90
42,98
86,85
74,88
86,71
36,70
61,74
65,73
39,78
70,64
51,87
80,89
96,51
79,85
73,93
77,86
31,75
73,86
49,87
85,75
87,76
69,90
87,90
88,58
72,75
65,80
74,90
77,58
93,51
91,79
23,91
40,80
39,93
82,77
43,57.14
35,76
60,88
30,80
36,92
38,90
79,84
18,84
47,72
49,76
54,75
35,77
33,82
31,90
27,78
52,104
39,71
78,85
36,92
74,57.14
61,91
57.14,91
54,87
93,32
29,64
30,81
89,86
50,97
46,63
41,83
38,82
27,57.14
40,77
58,89
29,67
51,61
48,83
64,86
30,87
81,92
29,92
49,89
28,96
45,101
54,67
57,97
57,88
63,45
36,96
48,94
94,96
44,101
45,91
36,93
46,85
57.14,85
42,71
54,57.14
43,78
22,54
51,88
74,64
75,65
49,65
81,94
40,50
46,100
59,96
28,89
41,92
58,93
67,58
87,88
54,65
55,87
85,39
46,58
55,96
26,62
36,84
49,91
54,61
53,92
55,84
41,77
38,81
94,74
58,65
71,93
76,74
31,72
40,56
92,76
96,45
81,86
82,60
23,57.14
39,82
40,86
66,88
39,52
52,73
41,66
40,70
88,61
62,60
35,43
70,91
63,68
53,99
68,82
39,89
60,68
29,54
71,73
56,89
69,56
76,85
95,63
67,98
50,89
56,25
34,70
52,86
49,44
56,62
31,85
34,57.14
46,88
37,48
83,88
93,83
61,81
26,79
93,75
68,66
41,90
44,91
29,83
33,60
40,56
35,78
40,87
33,62
71,54
48,89
75,73
46,28
32,68
39,75
57,70
24,76
60,62
34,83
78,92
62,88
47,71
52,96
49,83
49,72
50,94
96,83
38,101
69,66
73,84
78,83
55,66
26,89
32,78
25,37
43,82
57.14,79
56,61
58,83
26,98
33,89
66,101
65,49
43,63
42,66
81,90
37,57.14
41,81
60,77
28,78
98,75
57,63
58,75
38,79
83,79
93,89
92,74
57,83
28,81
39,82
35,74
35,73
26,76
41,99
52,82
44,86
44,88
46,85
61,90
39,84
29,51
46,50
24,57.14
64,57.14
42,82
58,82
50,60
37,94
28,75
85,71
64,74
38,86
28,73
95,75
50,54
32,94
40,83
53,62
48,1.08
53,71
57,73
44,87
20,92
61,55
43,91
22,84
36,84
52,85
30,89
45,82
67,90
29,57.14
79,57.14
53,57.14
93,57.14
62,57.14
53,57.14
88,78
94,69
33,23
42,45
46,94
79,60
57.14,89
21,69
57.14,77
45,76
57.14,93
68,57.14
59,80
99,80
81,80
45,62
36,73
90,88
40,83
75,80
44,61
66,65
59,88
25,88
26,87
43,88
45,57.14
74,56
63,77
83,64
43,81
53,79
84,100
80,76
68,67
76,38
33,57.14
39,88
40,63
43,58
38,84
51,83
43,90
71,74
58,84
25,53
66,75
59,89
64,67
58,77
25,76
34,56
66,47
22,56
26,73
33,77
72,73
80,67
87,64
48,82
59,91
36,61
74,65
37,79
67,65
36,57.14
41,83
22,57.14
52,57.14
35,57.14
71,66
59,57.14
42,77
51,95
91,84
33,57.14
37,80
43,57.14
49,88
29,85
57.14,72
52,88
37,91
52,91
39,60
33,65
91,65
69,81
35,88
64,96
57,74
57.14,95
66,74
71,65
49,81
57,69
62,78
52,94
63,85
49,76
85,78
69,80
55,66
64,95
65,76
58,53
58,76
39,87
27,105
43,83
93,60
47,67
49,57
73,61
41,92
72,92
34,84
50,81
22,86
36,93
48,75
79,46
81,70
69,81
36,71
57,93
23,72
61,57.14
33,90
63,89
30,64
29,65
43,65
33,51
19,83
65,82
49,75
40,74
56,76
80,81
59,63
39,90
40,87
65,59
39,48
64,82
29,92
37,67
80,69
28,63
57.14,91
81,93
37,65
81,66
86,81
76,40
57.14,61
70,57
63,90
63,76
35,72
36,69
23,75
29,87
34,89
74,80
57.14,94
43,57.14
34,83
48,57.14
88,82
34,87
71,66
50,79
57.14,33
60,80
89,86
74,90
46,89
64,64
19,91
65,78
53,85
61,86
57,93
51,77
38,90
80,82
43,58
27,69
34,79
36,75
74,91
90,69
34,90
63,70
40,57.14
50,90
75,63
47,88
54,89
44,86
88,100
80,82
44,42
39,78
72,75
56,87
65,64
45,82
63,57
62,84
40,57.14
29,57.14
67,85
61,57.14
71,92
57,84
55,74
82,58
74,48
45,56
39,72
27,88
40,92
46,92
55,94
48,89
61,79
56,65
41,92
31,95
76,58
27,72
46,86
29,81
79,85
38,78
36,85
58,92
45,62
75,94
79,65
89,86
82,65
50,76
63,91
63,88
78,83
50,82
41,91
70,40
81,57.14
73,57.14
85,97
71,33
81,66
70,81
57.14,78
36,76
55,78
39,72
94,60
99,81
80,57.14
50,57.14
93,80
67,77
80,77
27,50
82,71
58,97
37,91
36,85
34,77
80,73
59,92
52,73
77,83
45,88
81,81
28,93
49,91
57.14,57.14
35,57.14
66,62
78,72
79,90
41,57.14
67,57.14
77,83
33,99
61,75
59,80
30,78
91,66
63,89
39,100
33,88
20,75
49,67
80,78
30,53
44,94
44,88
62,75
76,76
29,78
50,62
25,100
25,94
40,85
46,95
40,85
37,73
59,92
73,58
90,57.14
29,57.14
82,69
86,77
57,83
71,72
42,78
89,70
62,93
56,90
37,80
70,84
71,81
57.14,62
40,70
87,85
35,81
57,77
23,57
47,76
78,83
62,88
50,85
38,97
57,69
31,85
21,69
75,88
30,56
79,77
30,87
51,90
21,83
67,71
60,68
95,75
56,56
27,86
83,62
55,99
35,86
38,84
30,70
81,75
81,85
61,74
88,57.14
27,73
44,92
81,67
39,57.14
44,65
88,99
76,88
54,73
87,71
31,96
38,85
53,89
54,100
97,87
83,79
73,72
83,90
79,74
58,81
65,73
25,55
85,76
32,80
81,74
58,74
66,70
84,61
74,93
80,84
61,66
63,81
58,96
75,73
40,65
23,73
58,45
25,68
82,92
69,95
76,47
71,94
80,93
54,72
26,84
79,87
53,71
48,74
21,98
82,69
68,70
24,83
26,86
62,72
55,96
52,74
41,71
22,92
82,62
57.14,63
80,76
33,46
71,63
40,90
36,65
32,80
57.14,81
57.14,80
57.14,74
57.14,90
57.14,91
57.14,
57.14,
57.14,
54,
56,
49,
65,
47,
64,
50,
76,
75,
55,
70,
33,
30,
64,
44,
74,
76,
77,
63,
20,
58,
37,
78,
83,
34,
51,
92,
38,
73,
70,
41,
72,
65,
60,
61,
57,
72,
30,
75,
91,
37,
70,
78,
86,
78,
48,
86,
67,
74,
88,
51,
92,
40,
54,
50,
37,
48,
83,
46,
35,
86,
86,
39,
61,
68,
44,
22,
60,
82,
52,
79,
73,
70,
42,
59,
73,
66,
86,
45,
84,
42,
56,
54,
63,
72,
31,
66,
67,
57,
43,
81,
63,
77,
71,
44,
61,
79,
58,
29,
57.14,
73,
49,
57.14,
45,
43,
84,
77,
83,
70,
87,
75,
72,
78,
86,
36,
34,
56,
80,
56,
25,
71,
77,
71,
53,
85,
56,
64,
76,
66,
77,
40,
82,
96,
29,
57.14,
57.14,
61,
67,
73,
31,
60,
56,
88,
65,
82,
57.14,
82,
72,
54,
69,
35,
54,
73,
51,
46,
60,
50,
74,
73,
38,
62,
36,
41,
39,
35,
34,
54,
51,
92,
39,
89,
92,
60,
82,
61,
37,
53,
51,
74,
44,
57.14,
64,
69,
27,
93,
93,
68,
56,
49,
81,
61,
68,
79,
55,
85,
36,
74,
55,
64,
74,
25,
41,
48,
31,
31,
43,
67,
97,
56,
78,
38,
56,
55,
79,
77,
31,
43,
75,
50,
87,
73,
96,
64,
38,
83,
22,
76,
37,
55,
77,
28,
37,
58,
37,
45,
65,
68,
35,
46,
58,
43,
50,
73,
55,
46,
80,
77,
63,
71,
48,
77,
50,
72,
36,
43,
74,
30,
80,
58,
68,
80,
37,
41,
77,
78,
90,
86,
58,
58,
65,
74,
65,
82,
59,
80,
71,
29,
81,
60,
78,
62,
60,
27,
31,
54,
41,
70,
89,
79,
83,
37,
82,
80,
22,
88,
66,
57.14,
75,
85,
35,
48,
51,
84,
69,
31,
83,
75,
75,
78,
82,
70,
52,
89,
24,
42,
57.14,
41,
39,
90,
25,
62,
57,
32,
27,
57.14,
30,
73,
79,
57.14,
88,
46,
70,
72,
97,
87,
34,
89,
65,
73,
39,
54,
70,
75,
92,
45,
54,
81,
49,
33,
20,
46,
61,
70,
22,
31,
70,
87,
21,
22,
88,
75,
30,
95,
92,
93,
68,
26,
87,
34,
80,
52,
56,
31,
66,
36,
25,
52,
76,
97,
56,
77,
87,
83,
82,
40,
57.14,
85,
51,
39,
82,
75,
34,
83,
21,
78,
57.14,
78,
77,
82,
74,
74,
83,
87,
73,
71,
78,
57.14,
36,
65,
81,
64,
83,
77,
87,
57.14,
61,
82,
68,
23,
45,
82,
66,
57,
37,
71,
65,
42,
46,
58,
79,
95,
29,
50,
44,
37,
55,
83,
80,
97,
85,
60,
71,
62,
76,
37,
73,
90,
57.14,
64,
57.14,
50,
72,
54,
84,
98,
76,
58,
41,
55,
59,
50,
80,
79,
91,
90,
83,
73,
33,
40,
44,
90,
74,
78,
50,
36,
52,
24,
54,
54,
39,
84,
92,
40,
64,
51,
58,
87,
75,
95,
68,
91,
43,
71,
46,
81,
84,
22,
35,
61,
51,
67,
76,
68,
37,
79,
57.14,
81,
94,
67,
41,
47,
68,
42,
62,
89,
99,
70,
62,
41,
73,
59,
61,
84,
65,
90,
57,
42,
40,
77,
57.14,
57.14,
75,
93,
57.14,
73,
59,
74,
57.14,
44,
57.14,
59,
57.14,
73,
66,
31,
64,
37,
76,
79,
50,
89,
40,
79,
65,
53,
75,
90,
49,
50,
63,
61,
93,
55,
73,
70,
69,
27,
45,
70,
30,
71,
72,
57.14,
79,
60,
57.14,
90,
53,
57.14,
57.14,
81,
72,
57.14,
55,
57.14,
67,
71,
51,
50,
58,
67,
91,
72,
90,
60,
45,
33,
77,
40,
35,
60,
81,
41,
71,
86,
82,
28,
57.14,
33,
57.14,
54,
43,
93,
79,
65,
34,
77,
92,
46,
90,
90,
91,
78,
92,
46,
98,
41,
58,
56,
87,
27,
67,
77,
84,
69,
78,
69,
24,
68,
72,
43,
54,
60,
41,
41,
37,
26,
78,
21,
92,
66,
71,
38,
48,
26,
52,
39,
52,
71,
91,
69,
39,
83,
28,
73,
84,
78,
88,
42,
45,
38,
83,
68,
87,
31,
62,
75,
21,
85,
57.14,
79,
57.14,
57.14,
57.14,
25,
57.14,
77,
54,
83,
87,
41,
37,
84,
67,
75,
34,
83,
39,
31,
58,
93,
75,
78,
81,
34,
75,
40,
77,
65,
75,
77,
29,
50,
57.14,
62,
57.14,
57.14,
84,
78,
48,
89,
61,
60,
30,
74,
67,
70,
57,
45,
44,
70,
25,
51,
89,
66,
89,
40,
67,
66,
89,
78,
50,
63,
77,
74,
51,
29,
86,
76,
57.14,
82,
66,
70,
63,
82,
64,
62,
27,
57.14,
69,
64,
68,
42,
57.14,
57.14,
65,
71,
82,
54,
31,
34,
56,
79,
60,
61,
46,
19,
33,
61,
46,
57.14,
57.14,
57.14,
87,
81,
84,
60,
39,
81,
93,
71,
83,
80,
84,
85,
69,
70,
78,
76,
77,
30,
87,
82,
84,
93,
52,
63,
35,
28,
75,
80,
71,
90,
55,
39,
38,
47,
57.14,
57.14,
57.14,
57.14,
70,
57.14,
57.14,
57.14,
57.14,
46,
33,
68,
57.14,
43,
57.14,
57.14,
57.14,
57.14,
57.14,
50,
27,
46,
57.14,
57.14,
57.14,
29,
35,
54,
58,
29,
57.14,
29,
57.14,
37,
57.14,
57.14,
57.14,
57.14,
57.14,
61,
57.14,
57.14,
57.14,
57.14,
57.14,
57.14,
26,
39,
57.14,
58,
51,
57.14,
37,
57.14,
57.14,
57.14,
57.14,
57.14,
57.14,
57.14,
42,
29,
57.14,
57.14,
39,
51,
57.14,
57.14,
57.14,
57.14,
43,
57.14,
22,
57.14,
57.14,
57.14,
57.14,
57.14,
57.14,
57.14,
57.14,
53,
57.14,
57.14,
48,
43,
57.14,
57.14,
57.14,
57.14,
57.14,
26,
30,
56,
57.14,
54,
39,
57.14,
57.14,
51,
57.14,
57.14,
52,
57.14,
48,
57.14,
57.14,
57.14,
38,
21,
56,
57.14,
40,
56,
57.14,
34,
57.14,
46,
57.14,
57.14,
57.14,
85,
50,
57.14,
31,
57.14,
57.14,
57.14,
57.14,
43,
59,
57.14,
57.14,
68,
51,
34,
57.14,
44,
62,
57.14,
57.14,
57.14,
57.14,
57.14,
22,
39,
57.14,
57.14,
42,
26,
57.14,
57.14,
37,
57.14,
57.14,
30,
31,
57.14,
57.14,
57.14,
57.14,
46,
35,
52,
43,
57.14,
59,
57.14,
57.14,
57.14,
61,
55,
57.14,
57.14,
48,
57.14,
57.14,
22,
68,
57.14,
35,
60,
52,
57.14,
30,
57.14,
57.14,
29,
57.14,
35,
27,
57.14,
57.14,
57.14,
57.14,
57.14,
57.14,
57.14,
57.14,
57.14,
57.14,
51,
59,
61,
44,
58,
67,
57.14,
57.14,
55,
29,
57.14,
65,
30,
57.14,
57.14,
73,
57.14,
57.14,
28,
57.14,
55,
57.14,
57.14,
57.14,
49,
57.14,
57.14,
30,
57.14,
35,
30,
57.14,
57.14,
57.14,
57.14,
57.14,
57.14,
57.14,
64,
47,
57.14,
57.14,
68,
57.14,
57.14,
57.14,
57.14,
57.14,
78,
63,
57.14,
25,
67,
57.14,
57.14,
57.14,
41,
57.14,
55,
50,
57.14,
57.14,
57.14,
29,
41,
57.14,
32,
52,
40,
27,
57.14,
38,
37,
57.14,
57.14,
57.14,
36,
57.14,
37,
57.14,
43,
22,
57.14,
26,
39,
61,
57.14,
57.14,
57.14,
57.14,
57.14,
31,
47,
57.14,
41,
45,
39,
57.14,
57,
57.14,
48,
57.14,
57.14,
57.14,
57.14,
61,
57.14,
57.14,
57.14,
51,
57.14,
35,
57.14,
57.14,
57.14,
40,
57.14,
64,
57.14,
57.14,
57.14,
57.14,
57.14,
57.14,
48,
57.14,
57.14,
67,
57.14,
57.14,
49,
64,
43,
57.14,
53,
48,
31,
59,
57.14,
57.14,
57.14,
57.14,
57.14,
57.14,
57.14,
51,
57.14,
51,
27,
57.14,
57.14,
57.14,
57.14,
57.14,
57.14,
57.14,
57.14,
57.14,
57.14,
57.14,
57.14,
57.14,
57.14,
57.14,
57.14,
57.14,
57.14,
57.14,
57.14,
57.14,
57.14,
57.14,
42,
57.14,
57.14,
57.14,
57.14,
57.14,
46,
50,
57.14,
57.14,
61,
36,
57.14,
57.14,
59,
63,
57.14,
57.14,
57.14,
57.14,
57,
27,
57.14,
88,
55,
57.14,
23,
40,
57.14,
72,
57,
57.14,
57.14,
57.14,
79,
57.14,
48,
29,
32,
57.14,
49,
67,
57.14,
57.14,
57.14,
23,
79,
40,
57.14,
34,
52,
31,
57.14,
57.14,
45,
57.14,
48,
57.14,
57.14,
57.14,
57.14,
57.14,
57.14,
57.14,
57.14,
57.14,
57.14,
57.14,
39,
61,
57.14,
63,
57.14,
57.14,
57.14,
57.14,
57.14,
57.14,
57.14,
57.14,
25,
57.14,
36,
57.14,
39,
51,
57.14,
34,
57.14,
57.14,
57.14,
57.14,
57.14,
57.14,
68,
57.14,
57.14,
57.14,
57.14,
57,
51,
46,
57.14,
57.14,
45,
38,
57.14,
57.14,
57.14,
57.14,
57.14,
57.14,
57.14,
57.14,
57.14,
57.14,
57.14,
36,
31,
57.14,
57.14,
57.14,
57.14,
24,
45,
88,
57.14,
87,
57.14,
57.14,
36,
47,
57.14,
57.14,
57.14,
57.14,
57.14,
57.14,
57.14,
57.14,
57.14,
57.14,
57.14,
57.14,
57.14,
57.14,
57.14,
57.14,
61,
57.14,
53,
57.14,
50,
57.14,
57.14,
57.14,
57.14,
57.14,
53,
57.14,
57.14,
57.14,
44,
53,
29,
57.14,
57.14,
42,
32,
57,
57.14,
57.14,
57.14,
57.14,
21,
57.14,
31,
50,
57.14,
57.14,
57.14,
57.14,
57.14,
57.14,
61,
57.14,
51,
57,
57.14,
57.14,
48,
57.14,
58,
25,
61,
57.14,
28,
57.14,
57.14,
57.14,
57.14,
57.14,
51,
57.14,
57.14,
57.14,
57.14,
46,
57.14,
57.14,
43,
57.14,
57.14,
57.14,
57.14,
57.14,
25,
57.14,
57.14,
27,
62,
57.14,
57.14,
57.14,
57.14,
57.14,
52,
76,
57.14,
57.14,
57.14,
57.14,
57.14,
32,
86,
57.14,
57.14,
63,
57.14,
57.14,
57.14,
27,
52,
72,
57.14,
57.14,
57.14,
57.14,
57.14,
74,
57.14,
57.14,
57.14,
57.14,
57.14,
57.14,
62,
57.14,
38,
57.14,
57.14,
57.14,
57.14,
80,
57.14,
57.14,
54,
57.14,
57.14,
54,
57.14,
57.14,
57.14,
56,
34,
52,
57.14,
49,
57.14,
57.14,
57.14,
47,
57.14,
57.14,
54,
57.14,
57.14,
57.14,
31,
57.14,
30,
57.14,
57.14,
57.14,
49,
20,
65,
57.14,
57.14,
78,
57.14,
57.14,
68,
47,
47,
74,
57.14,
69,
57.14,
57.14,
57.14,
57.14,
70,
57.14,
57.14,
65,
57,
44,
57.14,
57.14,
75,
70,
70,
57.14,
57.14,
85,
52,
84,
57.14,
46,
34,
84,
66,
57.14,
57.14,
57.14,
57.14,
57.14,
57.14,
57.14,
57.14,
57.14,
57.14,
57.14,
57.14,
57.14,
57.14,
57.14,
57.14,
57.14,
57.14,
57.14,
57.14,
57.14,
57.14,
57.14,
57.14,
57.14,
57.14,
72,
57.14,
44,
57.14,
57.14,
43,
36,
57.14,
57.14,
57.14,
57.14,
23,
68,
52,
37,
41,
24,
41,
28,
55,
32,
33,
47,
67,
40,
35,
61,
39,
22,
50,
50,
47,
67,
54,
34,
44,
58,
52,
26,
50,
56,
38,
62,
65,
39,
49,
65,
54,
57.14,
44,
68,
26,
43,
39,
52,
53,
60,
32,
35,
39,
58,
60,
61,
45,
52,
61,
27,
39,
65,
26,
48,
50,
54,
50,
27,
44,
30,
57.14,
62,
52,
31,
46,
59,
43,
30,
39,
55,
38,
52,
31,
39,
52,
45,
53,
57,
67,
32,
46,
44,
35,
52,
49,
37,
29,
45,
43,
89,
50,
31,
37,
80,
53,
54,
36,
23,
50,
90,
51,
44,
23,
59,
56,
58,
39,
56,
43,
35,
53,
41,
54,
73,
57,
44,
32,
57,
47,
23,
40,
50,
44,
76,
46,
35,
61,
24,
47,
40,
51,
44,
32,
36,
58,
46,
60,
58,
51,
46,
63,
56,
51,
39,
38,
32,
33,
34,
57.14,
57.14,
57.14,
37,
28,
58,
35,
27,
62,
61,
40,
48,
48,
42,
51,
47,
49,
40,
29,
56,
26,
57.14,
42,
57.14,
23,
25,
45,
33,
58,
57.14,
69,
58,
43,
57.14,
49,
67,
57.14,
57.14,
57.14,
32,
39,
49,
28,
58,
39,
34,
40,
47,
51,
50,
26,
31,
52,
32,
61,
59,
55,
48,
44,
19,
33,
49,
39,
34,
49,
28,
23,
31,
43,
56,
47,
25,
28,
24,
16,
62,
35,
60,
24,
62,
29,
57.14,
57.14,
59,
57.14,
57.14,
57.14,
36,
40,
57.14,
57.14,
49,
49,
57.14,
69,
57,
51,
51,
30,
43,
53,
36,
55,
52,
43,
21,
48,
57.14,
57.14,
47,
74,
57.14,
46,
57.14,
51,
57.14,
38,
57,
18,
62,
31,
40,
19,
30,
27,
29,
27,
39,
34,
41,
37,
52,
66,
50,
60,
54,
20,
25,
41,
30,
52,
69,
57,
50,
57.14,
35,
48,
64,
29,
32,
57.14,
34,
60,
28,
57.14,
35,
41,
35,
50,
62,
39,
50,
25,
49,
57.14,
57.14,
63,
37,
57.14,
38,
57.14,
40,
32,
60,
33,
30,
67,
38,
58,
57.14,
89,
57,
45,
34,
37,
35,
57.14,
57.14,
49,
66,
61,
54,
57.14,
49,
37,
46,
29,
34,
60,
57.14,
61,
57.14,
40,
57.14,
45,
57.14,
57.14,
57.14,
57.14,
57.14,
23,
48,
57.14,
34,
35,
47,
24,
49,
65,
57.14,
46,
57.14,
50,
58,
57.14,
33,
30,
42,
27,
34,
34,
29,
36,
28,
34,
31,
21,
61,
36,
26,
43,
24,
60,
28,
57.14,
54,
57.14,
27,
57.14,
45,
57.14,
57.14,
57.14,
57.14,
57.14,
47,
57.14,
57.14,
57.14,
57.14,
57.14,
45,
49,
33,
50,
34,
48,
35,
35,
40,
34,
36,
31,
42,
57.14,
35,
57.14,
62,
71,
26,
25,
26,
43,
57.14,
67,
31,
47,
57.14,
57.14,
57.14,
78,
65,
59,
38,
57.14,
57.14,
57.14,
58,
57.14,
79,
58,
57.14,
57.14,
57.14,
57.14,
57.14,
46,
57.14,
57.14,
57.14,
55,
34,
44,
32,
20,
42,
48,
33,
29,
57,
31,
36,
48,
41,
39,
25,
30,
49,
26,
32,
36,
37,
37,
50,
59,
1.08,
44,
36,
43,
63,
29,
48,
56,
65,
31,
57.14,
26,
57.14,
57.14,
37,
47,
39,
57.14,
62,
57.14,
32,
79,
42,
53,
41,
55,
36,
57.14,
57.14,
40,
36,
42,
57.14,
59,
53,
51,
57.14,
37,
57.14,
72,
58,
57.14,
40,
34,
45,
36,
30,
64,
53,
62,
57.14,
75,
50,
70,
31,
43,
59,
49,
57.14,
57.14,
57.14,
57.14,
60,
64,
42,
62,
28,
34,
43,
38,
62,
33,
37,
49,
32,
44,
57.14,
36,
57.14,
47,
31,
37,
47,
37,
44,
54,
35,
51,
57.14,
35,
57.14,
32,
57.14,
57.14,
57.14,
27,
51,
36,
57.14,
57.14,
57.14,
57.14,
47,
55,
20,
55,
34,
76,
37,
43,
57.14,
42,
57.14,
64,
37,
57.14,
58,
57.14,
39,
45,
54,
62,
51,
46,
43,
62,
57.14,
94,
70,
51,
58,
57.14,
62,
61,
34,
34,
54,
57.14,
57.14,
45,
38,
50,
37,
37,
52,
56,
50,
30,
44,
38,
34,
32,
32,
22,
56,
53,
57.14,
57.14,
57.14,
53,
57.14,
51,
42,
43,
44,
39,
57.14,
39,
57.14,
64,
27,
57.14,
61,
57.14,
36,
100,
63,
21,
48,
50,
66,
52,
22,
57.14,
50,
43,
23,
36,
61,
52,
29,
53,
34,
39,
41,
37,
36,
32,
22,
42,
30,
31,
32,
36,
38,
43,
34,
42,
57.14,
90,
23,
55,
54,
25,
53,
57.14,
57.14,
35,
72,
45,
27,
57.14,
57.14,
68,
75,
67,
40,
27,
42,
28,
58,
52,
57.14,
57.14,
57,
38,
57.14,
44,
46,
83,
54,
26,
61,
36,
33,
32,
30,
25,
74,
22,
66,
64,
18,
57.14,
50,
44,
57.14,
54,
34,
57.14,
36,
40,
47,
26,
33,
57.14,
57.14,
57.14,
60,
57.14,
57.14,
57.14,
57.14,
57.14,
57.14,
57.14,
57.14,
57.14,
57.14,
24,
41,
50,
53,
50,
16,
32,
29,
68,
59,
38,
31,
36,
32,
34,
63,
44,
63,
33,
31,
29,
66,
69,
30,
30,
57.14,
58,
19,
57,
33,
60,
38,
47,
57.14,
29,
34,
55,
36,
29,
33,
42,
55,
26,
24,
37,
31,
24,
21,
41,
48,
79,
49,
57.14,
57.14,
31,
91,
42,
57.14,
36,
36,
57.14,
33,
57.14,
45,
55,
68,
36,
57.14,
29,
23,
40,
30,
65,
45,
44,
57.14,
27,
48,
57.14,
57.14,
39,
63,
47,
38,
57.14,
57.14,
57.14,
57.14,
44,
57.14,
57.14,
41,
56,
79,
37,
33,
50,
72,
81,
48,
53,
30,
57.14,
27,
25,
35,
63,
61,
57.14,
62,
52,
25,
40,
31,
29,
30,
50,
51,
81,
37,
59,
44,
42,
32,
42,
82,
57.14,
38,
49,
35,
25,
59,
34,
31,
32,
46,
36,
28,
65,
57.14,
58,
59,
34,
29,
68,
57.14,
43,
34,
69,
37,
33,
57.14,
57.14,
57.14,
57.14,
30,
57.14,
46,
57.14,
20,
71,
57,
35,
24,
47,
27,
41,
49,
23,
55,
43,
46,
40,
41,
41,
83,
40,
97,
91,
44,
57.14,
57.14,
36,
63,
56,
78,
47,
41,
25,
57.14,
56,
57.14,
39,
45,
29,
42,
67,
39,
60,
30,
50,
44,
57.14,
27,
46,
78,
33,
67,
59,
43,
68,
61,
22,
57.14,
46,
57.14,
57.14,
58,
29,
54,
57.14,
43,
25,
29,
57.14,
49,
54,
41,
27,
31,
35,
35,
31,
41,
49,
42,
24,
77,
74,
49,
24,
48,
57,
35,
29,
44,
66,
33,
34,
26,
46,
40,
65,
52,
60,
51,
65,
32,
55,
23,
64,
74,
25,
62,
57.14,
57.14,
42,
65,
56,
32,
42,
62,
64,
35,
70,
57.14,
37,
28,
33,
37,
60,
37,
31,
43,
25,
40,
57.14,
40,
52,
43,
28,
30,
38,
85,
57.14,
61,
71,
39,
43,
43,
34,
23,
42,
65,
25,
43,
78,
62,
57.14,
35,
83,
72,
50,
36,
82,
63,
51,
68,
71,
51,
71,
66,
39,
74,
31,
67,
57.14,
57.14,
31,
37,
30,
71,
57.14,
57.14,
28,
55,
40,
28,
57.14,
59,
31,
74,
51,
31,
60,
44,
59,
45,
55,
42,
53,
57.14,
38,
55,
37,
31,
26,
57.14,
41,
39,
46,
57.14,
43,
57.14,
37,
78,
50,
44,
86,
61,
56,
36,
64,
61,
66,
44,
34,
45,
56,
50,
45,
42,
51,
38,
57.14,
69,
25,
57.14,
100,
44,
40,
57.14,
76,
66,
56,
61,
80,
42,
43,
76,
30,
51,
36,
71,
44,
79,
57.14,
44,
57.14,
56,
52,
57.14,
34,
19,
71,
63,
41,
35,
43,
73,
44,
69,
45,
54,
43,
85,
50,
39,
70,
63,
41,
57.14,
22,
57.14,
31,
49,
40,
40,
32,
75,
25,
29,
53,
57.14,
32,
57.14,
57.14,
74,
83,
74,
57.14,
78,
57.14,
57.14,
89,
44,
57.14,
26,
78,
27,
46,
81,
57.14,
57.14,
57.14,
48,
57.14,
30,
42,
47,
69,
25,
57.14,
57.14,
29,
58,
49,
37,
69,
35,
31,
89,
58,
23,
72,
57.14,
57.14,
57.14,
57.14,
31,
63,
57.14,
57,
57.14,
76,
78,
57.14,
80,
36,
52,
59,
56,
46,
32,
58,
39,
48,
57.14,
57.14,
71,
57.14,
29,
38,
63,
38,
36,
53,
39,
85,
81,
93,
87,
57.14,
49,
57,
68,
47,
34,
66,
72,
58,
69,
33,
79,
23,
39,
40,
60,
49,
59,
49,
84,
98,
69,
42,
52,
56,
27,
45,
44,
40,
38,
77,
60,
30,
76,
25,
74,
66,
85,
38,
42,
34,
76,
50,
28,
23,
55,
51,
86,
24,
41,
27,
50,
24,
56,
48,
45,
69,
48,
36,
74,
50,
32,
25,
33,
38,
46,
54,
72,
31,
83,
37,
49,
46,
73,
57.14,
77,
39,
54,
29,
23,
57.14,
65,
57.14,
52,
66,
33,
62,
65,
47,
77,
49,
80,
57.14,
57.14,
71,
57.14,
57.14,
57.14,
63,
30,
53,
35,
55,
40,
39,
89,
85,
56,
56,
27,
35,
71,
68,
79,
38,
39,
83,
26,
71,
69,
34,
52,
67,
34,
62,
57,
71,
71,
50,
43,
67,
60,
82,
64,
31,
30,
45,
48,
76,
65,
39,
31,
27,
51,
64,
57,
38,
71,
63,
67,
46,
68,
44,
58,
66,
69,
51,
58,
41,
61,
30,
46,
42,
26,
68,
41,
38,
63,
48,
32,
41,
36,
36,
76,
67,
87,
41,
35,
74,
21,
69,
41,
74,
32,
50,
68,
33,
31,
41,
77,
35,
38,
31,
31,
65,
37,
40,
56,
29,
40,
44,
69,
40,
67,
34,
48,
51,
46,
26,
36,
42,
72,
56,
70,
81,
57.14,
57.14,
57.14,
57.14,
65,
39,
49,
57.14,
57.14,
28,
28,
65,
49,
39,
57.14,
50,
57.14,
64,
50,
43,
57.14,
78,
57.14,
80,
36,
57.14,
57.14,
48,
74,
42,
25,
46,
49,
81,
72,
37,
69,
64,
44,
65,
27,
40,
81,
57.14,
50,
35,
51,
36,
74,
34,
69,
29,
29,
63,
69,
52,
44,
72,
38,
46,
24,
25,
59,
60,
38,
87,
56,
37,
40,
57,
54,
68,
28,
40,
43,
59,
26,
36,
34,
35,
35,
27,
60,
35,
40,
65,
60,
22,
35,
59,
74,
50,
37,
60,
43,
77,
76,
65,
45,
49,
39,
50,
38,
42,
29,
53,
57,
61,
49,
50,
84,
57.14,
57.14,
78,
57.14,
19,
53,
31,
47,
66,
50,
65,
47,
52,
38,
57.14,
57.14,
26,
79,
65,
57.14,
45,
87,
54,
66,
57.14,
73,
57.14,
57.14,
16,
57.14,
64,
54,
57.14,
32,
31,
79,
25,
57.14,
31,
32,
59,
39,
40,
54,
46,
42,
57,
69,
43,
44,
65,
45,
56,
50,
21,
65,
66,
40,
54,
25,
19,
35,
29,
21,
30,
79,
25,
46,
77,
43,
54,
75,
59,
49,
39,
57.14,
57.14,
61,
44,
57.14,
57.14,
58,
81,
65,
30,
57.14,
64,
35,
66,
91,
52,
53,
49,
57.14,
54,
53,
57.14,
40,
56,
37,
66,
74,
45,
66,
79,
28,
61,
39,
98,
57,
53,
57.14,
36,
57.14,
29,
53,
86,
70,
70,
57.14,
36,
73,
19,
57.14,
72,
65,
57.14,
39,
57.14,
50,
73,
55,
38,
57.14,
47,
57.14,
57.14,
49,
32,
49,
38,
45,
87,
67,
69,
30,
35,
67,
42,
35,
32,
38,
24,
55,
29,
72,
41,
44,
19,
57.14,
57.14,
55,
30,
38,
49,
57,
45,
35,
47,
51,
82,
58,
26,
26,
68,
57.14,
54,
23,
58,
58,
78,
73,
67,
61,
70,
59,
31,
48,
60,
24,
30,
24,
57.14,
57.14,
25,
57.14,
57.14,
57.14,
48,
57.14,
50,
57.14,
63,
57.14,
57.14,
57.14,
44,
81,
38,
22,
56,
69,
84,
57.14,
57.14,
77,
57.14,
34,
57.14,
60,
84,
24,
52,
40,
35,
39,
32,
60,
48,
53,
62,
57.14,
28,
74,
57.14,
74,
73,
62,
76,
49,
52,
36,
77,
38,
48,
41,
37,
70,
38,
30,
40,
57.14,
67,
22,
54,
57.14,
17,
57.14,
40,
34,
57.14,
25,
57.14,
68,
56,
50,
75,
57.14,
57.14,
57.14,
72,
87,
38,
71,
64,
67,
87,
66,
55,
53,
65,
57.14,
57.14,
57.14,
83,
40,
80,
67,
73,
57.14,
33,
57.14,
57.14,
74,
80,
57,
41,
67,
27,
79,
57.14,
75,
49,
36,
46,
75,
54,
41,
44,
39,
44,
80,
42,
64,
70,
47,
48,
71,
69,
57.14,
33,
59,
59,
32,
77,
57.14,
32,
55,
26,
39,
57.14,
49,
64,
74,
48,
34,
57.14,
57,
47,
23,
88,
28,
57.14,
76,
57.14,
49,
57.14,
56,
57.14,
42,
79,
57.14,
57.14,
57.14,
57.14,
57.14,
72,
67,
35,
33,
73,
55,
84,
61,
25,
40,
68,
57.14,
57.14,
45,
73,
72,
33,
71,
57.14,
57.14,
57.14,
57.14,
57.14,
52,
63,
56,
21,
66,
46,
68,
83,
72,
38,
57.14,
57,
67,
33,
68,
32,
81,
57.14,
57.14,
24,
41,
69,
75,
57.14,
57.14,
71,
80,
82,
43,
49,
83,
53,
50,
52,
45,
57.14,
57.14,
57.14,
84,
51,
77,
37,
57.14,
68,
20,
59,
37,
67,
65,
71,
62,
48,
71,
53,
25,
49,
31,
60,
39,
30,
73,
78,
71,
91,
57.14,
50,
57.14,
57.14,
77,
30,
57.14,
45,
29,
40,
87,
25,
70,
47,
86,
65,
45,
57.14,
57.14,
57.14,
58,
19,
47,
35,
56,
71,
58,
